{"initial_reset_timestamp": 1654665556.906994, "timestamps": [1654665558.9796677, 1654665560.5718284, 1654665562.9925733, 1654665565.3641908, 1654665567.1050262], "episode_lengths": [36, 29, 46, 41, 29], "episode_rewards": [2113.4491259606325, 1514.4419325626945, 3159.000361819577, 2590.3603935056694, 1493.450284449786], "episode_types": ["t", "t", "t", "t", "t", "t"]}